<?xml version="1.0"?>
<BuildLog xmlns:xsi="http://www.w3.org/2001/XMLSchema-instance" xmlns:xsd="http://www.w3.org/2001/XMLSchema">
  <ProjectInfo>
    <Name>Source_to_Staging</Name>
    <LastWriteTime>2024-03-23T02:24:04.2836115Z</LastWriteTime>
    <LastKnownProtectionLevel>EncryptSensitiveWithUserKey</LastKnownProtectionLevel>
  </ProjectInfo>
  <LastBuildInfos>
    <ProjectBuildItemInfo>
      <Name>Full_Loading.dtsx</Name>
      <LastWriteTime>2024-03-23T01:29:26.711411Z</LastWriteTime>
      <LastKnownProtectionLevel>EncryptSensitiveWithUserKey</LastKnownProtectionLevel>
    </ProjectBuildItemInfo>
    <ProjectBuildItemInfo>
      <Name>Incremental_Loading.dtsx</Name>
      <LastWriteTime>2024-03-23T01:59:40.8272948Z</LastWriteTime>
      <LastKnownProtectionLevel>EncryptSensitiveWithUserKey</LastKnownProtectionLevel>
    </ProjectBuildItemInfo>
    <ProjectBuildItemInfo>
      <Name>LoadHR.dtsx</Name>
      <LastWriteTime>2024-03-22T23:44:54.8793715Z</LastWriteTime>
      <LastKnownProtectionLevel>EncryptSensitiveWithUserKey</LastKnownProtectionLevel>
    </ProjectBuildItemInfo>
    <ProjectBuildItemInfo>
      <Name>Controls.dtsx</Name>
      <LastWriteTime>2024-03-23T02:24:04.2522863Z</LastWriteTime>
      <LastKnownProtectionLevel>EncryptSensitiveWithUserKey</LastKnownProtectionLevel>
    </ProjectBuildItemInfo>
  </LastBuildInfos>
</BuildLog>